Year,PubID,ReportType,ReportTitle,Author,Institution,Department,InstitutionType,Country,Continent 
2000,100,Strategy ,Global Strategy for the Prevention and Control of Noncommunicable Diseases.,,World Health Organisation,,,Switzerland,Europe
2001,101,Report ,NCD Country Capacity Survey,Ala Alwan,World Health Organisation,WHO Non-communicable Diseases and Mental Health Cluster,International Organisation,Switzerland,Europe
2001,101,Report ,NCD Country Capacity Survey,David Maclean,World Health Organisation,WHO Non-communicable Diseases and Mental Health Cluster,International Organisation,Switzerland,Europe
2001,101,Report ,NCD Country Capacity Survey,Ahmed Mandil,World Health Organisation,WHO Non-communicable Diseases and Mental Health Cluster,International Organisation,Switzerland,Europe
2002,102,Proceedings,Proceedings of the Global Forum on Noncommunicable Disease Prevention and Control ,Pekka Puska,World Health Organisation,WHO Department of Noncommunicable Disease Prevention and Health Promotion,International Organisation,Switzerland,Europe
2002,102,Proceedings,Proceedings of the Global Forum on Noncommunicable Disease Prevention and Control ,Rafael Bengoa,World Health Organisation,WHO Department of Management of Noncommunicable Diseases,International Organisation,Switzerland,Europe
2002,102,Proceedings,Proceedings of the Global Forum on Noncommunicable Disease Prevention and Control ,Ruth Bonita,World Health Organisation,WHO CCS,International Organisation,Switzerland,Europe
2002,103,Report ,"The world health report: reducing risks, promoting healthy life. ",Christopher Murray,World Health Organisation,,International Organisation,Switzerland,Europe
2002,103,Report ,"The world health report: reducing risks, promoting healthy life. ",Alan Lopez,World Health Organisation,,International Organisation,Switzerland,Europe
2002,103,Report ,"The world health report: reducing risks, promoting healthy life. ",Anthony Rogers,World Health Organisation,,International Organisation,Switzerland,Europe
2002,103,Report ,"The world health report: reducing risks, promoting healthy life. ",Patrick Vaughn,World Health Organisation,,International Organisation,Switzerland,Europe
2002,103,Report ,"The world health report: reducing risks, promoting healthy life. ",Thomson Prentice,World Health Organisation,,International Organisation,Switzerland,Europe
2002,103,Report ,"The world health report: reducing risks, promoting healthy life. ",Tessa Tan-Torres Edejer,World Health Organisation,,International Organisation,Switzerland,Europe
2002,103,Report ,"The world health report: reducing risks, promoting healthy life. ",David Evans,World Health Organisation,,International Organisation,Switzerland,Europe
2002,103,Report ,"The world health report: reducing risks, promoting healthy life. ",Julia Lowe,World Health Organisation,,International Organisation,Switzerland,Europe
2003,104,Strategy ,"Diet, Nutrition and the Prevention of Chronic Diseases.",Chizuru Nishida,World Health Organisation,WHO Department of Nutrition for Health and Development,International Organisation,Switzerland,Europe
2003,104,Strategy ,"Diet, Nutrition and the Prevention of Chronic Diseases.",Pekka Puska,World Health Organisation,WHO Department of Noncommunicable Disease Prevention and Health Promotion ,International Organisation,Switzerland,Europe
2003,104,Strategy ,"Diet, Nutrition and the Prevention of Chronic Diseases.",Prakash Shetty,Food and Agricultural Organisation,Food and Nutrition Division ,International Organisation,Italy,Europe
2003,104,Strategy ,"Diet, Nutrition and the Prevention of Chronic Diseases.",R. Weisel,Food and Agricultural Organisation,Food and Nutrition Division ,International Organisation,Italy,Europe
2003,104,Strategy ,"Diet, Nutrition and the Prevention of Chronic Diseases.",M. Deurenberg-Yap,Health Promotion Board of Singapore,,National Government,Singapore,Asia
2003,104,Strategy ,"Diet, Nutrition and the Prevention of Chronic Diseases.",S. Kumanyika,University of Pennsylvania,,Academic,USA,North America
2003,104,Strategy ,"Diet, Nutrition and the Prevention of Chronic Diseases.",J. C. Seidell,Free University of Amsterdam,,Academic,The Netherlands,Europe
2003,104,Strategy ,"Diet, Nutrition and the Prevention of Chronic Diseases.",R. Uauy,London School of Hygiene and Tropical Medicine,,Academic,UK,Europe
2003,104,Strategy ,"Diet, Nutrition and the Prevention of Chronic Diseases.",R. Uauy,University of Chile,Institute of Nutrition,Academic,Chile,South America
2003,105,Report ,World Health Report: Shaping the Future. ,Tim Evans,World Health Organisation,,International Organisation,Switzerland,Europe
2003,105,Report ,World Health Report: Shaping the Future. ,Robert Beaglehole,World Health Organisation,,International Organisation,Switzerland,Europe
2003,105,Report ,World Health Report: Shaping the Future. ,Alec Irwin,World Health Organisation,,International Organisation,Switzerland,Europe
2003,105,Report ,World Health Report: Shaping the Future. ,Thomson Prentice,World Health Organisation,,International Organisation,Switzerland,Europe
2003,106,Report ,Integrated Prevention of Noncommunicable Diseases: Progress Report by the Secretariat 27 November 2003,,World Health Organisation,,International Organisation,Switzerland,Europe
2004,107,Strategy ,"Global Strategy on Diet, Physical Activity and Health",,World Health Organisation,,International Organisation,Switzerland,Europe
2005,108,Journal series,Lancet 2005 Non-communicable Disease Series ,Richard Horton,The Lancet,,Medical Journal,UK,Europe
2005,108,Journal series,Lancet 2005 Non-communicable Disease Series ,Kate Strong,World Health Organisation,WHO Department of Chronic Diseases and Health Promotion ,International Organisation,Switzerland,Europe
2005,108,Journal series,Lancet 2005 Non-communicable Disease Series ,Colin Mathers,World Health Organisation,WHO Department of Measurement and Health Information Systems ,International Organisation,Switzerland,Europe
2005,108,Journal series,Lancet 2005 Non-communicable Disease Series ,Stephen Leeder,University of Sydney,"Australian Health Policy Institute, College of Health Sciences",Academic,Australia ,Oceania 
2005,108,Journal series,Lancet 2005 Non-communicable Disease Series ,Robert Beaglehole,World Health Organisation,WHO Department of Chronic Diseases and Health Promotion ,International Organisation,Switzerland,Europe
2005,108,Journal series,Lancet 2005 Non-communicable Disease Series ,Valentin Fuste,World Heart Federation,,NGO,Switzerland,Europe
2005,108,Journal series,Lancet 2005 Non-communicable Disease Series ,Janet Voûte,World Heart Federation,,NGO,Switzerland,Europe
2005,108,Journal series,Lancet 2005 Non-communicable Disease Series ,JoAnne Epping-Jordan,World Health Organisation,WHO Department of Chronic Diseases and Health Promotion ,International Organisation,Switzerland,Europe
2005,108,Journal series,Lancet 2005 Non-communicable Disease Series ,Gauden Galea,World Health Organisation,WHO Regional Office for the Western Pacific,International Organisation,The Philipines,Asia
2005,108,Journal series,Lancet 2005 Non-communicable Disease Series ,Colin Tukuitonga,World Health Organisation,WHO Department of Chronic Diseases and Health Promotion ,International Organisation,Switzerland,Europe
2005,108,Journal series,Lancet 2005 Non-communicable Disease Series ,Robert Beaglehole,World Health Organisation,WHO Department of Chronic Diseases and Health Promotion ,International Organisation,Switzerland,Europe
2005,108,Journal series,Lancet 2005 Non-communicable Disease Series ,K Srinath Reddy,All India Institute of Medical Sciences,Department of Cardiology,Academic,India,Asia
2005,108,Journal series,Lancet 2005 Non-communicable Disease Series ,Bela Shah,Indian Council of Medical Research,Division of Non-Communicable Diseases ,Governmental Organisation,India,Asia
2005,108,Journal series,Lancet 2005 Non-communicable Disease Series ,Cherian Varghese,World Health Organisation,Office of the WHO Representative to India,International Organisation,India,Asia
2005,108,Journal series,Lancet 2005 Non-communicable Disease Series ,Anbumani Ramadoss,Ministry of Health and Family Welfare of India,,National Government,India,Asia
2005,108,Journal series,Lancet 2005 Non-communicable Disease Series ,Longde Wang,Ministry of Health of the People's Republic of China,,National Government,China,Asia
2005,108,Journal series,Lancet 2005 Non-communicable Disease Series ,Lingzhi Kong,Ministry of Health of the People's Republic of China,,National Government,China,Asia
2005,108,Journal series,Lancet 2005 Non-communicable Disease Series ,Fan Wu,National Centre for Chronic and Non-communicable Disease Control and Prevention of the Chinese Centre for Disease Control and Prevention,,Governmental Organisation,China,Asia
2005,108,Journal series,Lancet 2005 Non-communicable Disease Series ,Yamin Bai,National Centre for Chronic and Non-communicable Disease Control and Prevention of the Chinese Centre for Disease Control and Prevention,,Governmental Organisation,China,Asia
2005,108,Journal series,Lancet 2005 Non-communicable Disease Series ,Robert Burton,World Health Organisation,WHO Centre for Health Development,International Organisation,Japan,Asia
2005,108,Journal series,Lancet 2005 Non-communicable Disease Series ,Robert Burton,World Health Organisation,Office of the WHO Representative to China,International Organisation,China,Asia
2005,109,Report ,NCD Country Capacity Survey Report ,Antonio Filipe Jr,World Health Organisation,WHO Regional Office for Africa,International Organisation,Republic of Congo,Africa
2005,109,Report ,NCD Country Capacity Survey Report ,Sidi Allel Louazani,World Health Organisation,WHO Regional Office for Africa,International Organisation,Republic of Congo,Africa
2005,109,Report ,NCD Country Capacity Survey Report ,Lucimar Coser Cannon,World Health Organisation,WHO Regional Office for the Americas,International Organisation,USA,North America
2005,109,Report ,NCD Country Capacity Survey Report ,Oussama Khatib,World Health Organisation,WHO Regional Office for the Eastern Mediterranean  ,International Organisation,Egypt,Africa
2005,109,Report ,NCD Country Capacity Survey Report ,Jill Farrington,World Health Organisation,WHO Regional Office for Europe,International Organisation,Denmark,Europe
2005,109,Report ,NCD Country Capacity Survey Report ,Aushra Shatchkute,World Health Organisation,WHO Regional Office for Europe,International Organisation,Denmark,Europe
2005,109,Report ,NCD Country Capacity Survey Report ,Jerzy Leowski,World Health Organisation,WHO Regional Office for South-East Asia,International Organisation,India,Asia
2005,109,Report ,NCD Country Capacity Survey Report ,Gauden Galea,World Health Organisation,WHO Regional Office for the Western Pacific,International Organisation,The Philipines,Asia
2005,109,Report ,NCD Country Capacity Survey Report ,Robert Beaglehole,World Health Organisation,WHO Department of Chronic Diseases and Health Promotion ,International Organisation,Switzerland,Europe
2005,109,Report ,NCD Country Capacity Survey Report ,Colin Tukuitonga,World Health Organisation,WHO Department of Chronic Diseases and Health Promotion ,International Organisation,Switzerland,Europe
2005,110,Strategy ,Preventing Chronic Diseases - A Vital Investment,Catherine Le Galès-Camus,World Health Organisation,WHO Non-communicable Diseases and Mental Health Cluster ,International Organisation,Switzerland,Europe
2005,110,Strategy ,Preventing Chronic Diseases - A Vital Investment,Robert Beaglehole,World Health Organisation,WHO Department of Chronic Diseases and Health Promotion,International Organisation,Switzerland,Europe
2005,110,Strategy ,Preventing Chronic Diseases - A Vital Investment,JoAnne Epping-Jordan,World Health Organisation,WHO Department of Chronic Diseases and Health Promotion,International Organisation,Switzerland,Europe
2005,110,Strategy ,Preventing Chronic Diseases - A Vital Investment,Dele Abegunde,World Health Organisation,WHO Department of Chronic Diseases and Health Promotion,International Organisation,Switzerland,Europe
2005,110,Strategy ,Preventing Chronic Diseases - A Vital Investment,Stéfanie Durivage,World Health Organisation,WHO Department of Chronic Diseases and Health Promotion,International Organisation,Switzerland,Europe
2005,110,Strategy ,Preventing Chronic Diseases - A Vital Investment,Colin Mathers,World Health Organisation,WHO Department of Measurement and Health Information Systems,International Organisation,Switzerland,Europe
2005,110,Strategy ,Preventing Chronic Diseases - A Vital Investment,Bakuti Shengelia,World Health Organisation,WHO Cluster of Noncommunicable diseases management,International Organisation,Switzerland,Europe
2005,110,Strategy ,Preventing Chronic Diseases - A Vital Investment,Kate Strong,World Health Organisation,WHO Department of Chronic Diseases and Health Promotion,International Organisation,Switzerland,Europe
2005,110,Strategy ,Preventing Chronic Diseases - A Vital Investment,Colin Tukuitonga,World Health Organisation,WHO Department of Chronic Diseases and Health Promotion,International Organisation,Switzerland,Europe
2005,110,Strategy ,Preventing Chronic Diseases - A Vital Investment,Nigel Unwin,World Health Organisation,WHO Department of Chronic Diseases and Health Promotion,International Organisation,Switzerland,Europe
2007,111,Report ,Public Policy and the Challenge of Chronic Noncommunicable Diseases  ,Jean-Louis Sarbib,World Bank,Human Development Network,International Organisation,USA,North America
2007,111,Report ,Public Policy and the Challenge of Chronic Noncommunicable Diseases  ,Jacques Baudouy,World Bank,"Health, Nutrition, and Population",International Organisation,USA,North America
2007,111,Report ,Public Policy and the Challenge of Chronic Noncommunicable Diseases  ,Kei Kawabata,World Bank,"Health, Nutrition, and Population",International Organisation,USA,North America
2007,111,Report ,Public Policy and the Challenge of Chronic Noncommunicable Diseases  ,Olusoji Adeyi,World Bank,Public Health Programs,International Organisation,USA,North America
2007,111,Report ,Public Policy and the Challenge of Chronic Noncommunicable Diseases  ,Owen Smith,World Bank,Young Professionals Program,International Organisation,USA,North America
2007,111,Report ,Public Policy and the Challenge of Chronic Noncommunicable Diseases  ,Sylvia Robles,Pan American Health Organisation,,International Organisation,USA,North America
2007,111,Report ,Public Policy and the Challenge of Chronic Noncommunicable Diseases  ,Martin McKee,London School of Hygiene and Tropical Medicine,,Academic,UK,Europe
2007,111,Report ,Public Policy and the Challenge of Chronic Noncommunicable Diseases  ,Dina Balabanova,London School of Hygiene and Tropical Medicine,,Academic,UK,Europe
2007,111,Report ,Public Policy and the Challenge of Chronic Noncommunicable Diseases  ,Natalia Koroleva,London School of Hygiene and Tropical Medicine,,Academic,UK,Europe
2007,111,Report ,Public Policy and the Challenge of Chronic Noncommunicable Diseases  ,Jishnu Das,World Bank,Development Research Group,International Organisation,USA,North America
2007,111,Report ,Public Policy and the Challenge of Chronic Noncommunicable Diseases  ,Jed Friedman,World Bank,Development Research Group,International Organisation,USA,North America
2007,112,Declaration ,The 2007 Caribbean Community Port-of-Spain Declaration on noncommunicable diseases: an overview of a multidisciplinary evaluation  ,T Alafia Samuel,University of the West Indies,George Alleyne Chronic Disease Research Centre,Academic,Barbados,North America
2007,112,Declaration ,The 2007 Caribbean Community Port-of-Spain Declaration on noncommunicable diseases: an overview of a multidisciplinary evaluation  ,Nigel Unwin,University of the West Indies,George Alleyne Chronic Disease Research Centre,Academic,Barbados,North America
2007,113,Journal series,Lancet 2007 Non-communicable Disease Series,Thomas A Gaziano,Harvard University,Harvard Program for Health Decision Science,Academic,USA,North America
2007,113,Journal series,Lancet 2007 Non-communicable Disease Series,Gauden Galea,World Health Organisation,,International Organisation,Switzerland,Europe
2007,113,Journal series,Lancet 2007 Non-communicable Disease Series,K Srinath Reddy,Public Health Foundation of India,,NGO,India,Asia
2007,113,Journal series,Lancet 2007 Non-communicable Disease Series,Perviz Asaria,King's Fund,,NGO,UK,Europe
2007,113,Journal series,Lancet 2007 Non-communicable Disease Series,Daniel Chisholm,World Health Organisation,WHO Department of Health Systems Financing,International Organisation,Switzerland,Europe
2007,113,Journal series,Lancet 2007 Non-communicable Disease Series,Colin Mathers,World Health Orgaisation,WHO Department of Measurement and Health Information Systems,International Organisation,Switzerland,Europe
2007,113,Journal series,Lancet 2007 Non-communicable Disease Series,Majid Ezzati,Harvard University,Harvard School of Public Health,Academic,USA,North America
2007,113,Journal series,Lancet 2007 Non-communicable Disease Series,Robert Beaglehole,University of Auckland,,Academic,New Zealand,Oceania 
2007,113,Journal series,Lancet 2007 Non-communicable Disease Series,Stephen S Lim,University of Washington,Institute for Health Metrics and Evaluation ,Academic,USA,North America
2007,113,Journal series,Lancet 2007 Non-communicable Disease Series,Stephen S Lim,University of Queensland,School of Population Health,Academic,Australia ,Oceania 
2007,113,Journal series,Lancet 2007 Non-communicable Disease Series,Thomas A Gaziano,Harvard University, Harvard Medical School,Academic,USA,North America
2007,113,Journal series,Lancet 2007 Non-communicable Disease Series,Emmanuela Gakidou,University of Washington,Institute for Health Metrics and Evaluation,Academic,USA,North America
2007,113,Journal series,Lancet 2007 Non-communicable Disease Series,Emmanuela Gakidou,University of Queensland,School of Population Health ,Academic,Australia ,Oceania 
2007,113,Journal series,Lancet 2007 Non-communicable Disease Series,K Srinath Reddy,Public Health Foundation of India,,NGO,India,Asia
2007,113,Journal series,Lancet 2007 Non-communicable Disease Series,K Srinath Reddy,All India Institute of Medical Services,Department of Cardiology ,Academic,India,Asia
2007,113,Journal series,Lancet 2007 Non-communicable Disease Series,Farshad Farzadfar,Harvard University,Harvard School of Public Health,Academic,USA,North America
2007,113,Journal series,Lancet 2007 Non-communicable Disease Series,Rafael Lozano,Ministry of Health of Mexico,,National Government,Mexico,North America
2007,113,Journal series,Lancet 2007 Non-communicable Disease Series,Anthony Rodgers,University of Auckland,"Clinical Trials Research Unit, School of Population Health, Faculty of Medical and Health Sciences,",Academic,New Zealand,Oceania 
2007,113,Journal series,Lancet 2007 Non-communicable Disease Series,Dele Abegunde,World Health Organisation,WHO Department of Chronic Diseases and Health Promotion ,International Organisation,Switzerland,Europe
2007,113,Journal series,Lancet 2007 Non-communicable Disease Series,Colin Mathers,World Health Organisation,WHO Department of Measurement and Health Information ,International Organisation,Switzerland,Europe
2007,113,Journal series,Lancet 2007 Non-communicable Disease Series,Taghreed Adam,World Health Organisation,WHO Department of Health Systems Financing ,International Organisation,Switzerland,Europe
2007,113,Journal series,Lancet 2007 Non-communicable Disease Series,Monica Ortegon,World Health Organisation,WHO Department of Health Systems Financing ,International Organisation,Switzerland,Europe
2007,113,Journal series,Lancet 2007 Non-communicable Disease Series,Kate Strong,World Health Organisation,WHO Department of Chronic Diseases and Health Promotion,International Organisation,Switzerland,Europe
2007,113,Journal series,Lancet 2007 Non-communicable Disease Series,Robert Beaglehole,University of Auckland,,Academic,New Zealand,Oceania 
2007,113,Journal series,Lancet 2007 Non-communicable Disease Series,Shah Ebrahim,London School of Hygiene and Tropical Medicine,,Academic,UK,Europe
2007,113,Journal series,Lancet 2007 Non-communicable Disease Series,K Srinath Reddy,Public Health Foundation of India,,NGO,India,Asia
2007,113,Journal series,Lancet 2007 Non-communicable Disease Series,Janet Voûte,World Heart Federation,,NGO,Switzerland,Europe
2007,113,Journal series,Lancet 2007 Non-communicable Disease Series,Stephen Leeder,University of Sydney,School of Public Health,Academic,Australia ,Oceania 
2009,114,Strategy ,2008-2013 Action Plan for the Global Strategy for the Prevention and Control of Noncommunicable Diseases,Ala Alwan,World Health Organisation,WHO Non-communicable Diseases and Mental Health Cluster ,International Organisation,Switzerland,Europe
2010,115,Report ,Assessing National Capacity for the Prevention of Non-communicable Diseases: Report of the 2010 Global Survey (NCD Country Capacity Survey Report),Leanne Riley,World Health Organisation,,International Organisation,Switzerland,Europe
2010,115,Report ,Assessing National Capacity for the Prevention of Non-communicable Diseases: Report of the 2010 Global Survey (NCD Country Capacity Survey Report),Melanie Cowan,World Health Organisation,,International Organisation,Switzerland,Europe
2010,115,Report ,Assessing National Capacity for the Prevention of Non-communicable Diseases: Report of the 2010 Global Survey (NCD Country Capacity Survey Report),Ala Alwan,World Health Organisation,,International Organisation,Switzerland,Europe
2010,116,Report ,Global Status Report on Non-Communicable Disease,Ala Alwan,World Health Organisation,WHO Non-communicable Diseases and Mental Health Cluster ,International Organisation,Switzerland,Europe
2010,116,Report ,Global Status Report on Non-Communicable Disease,Tim Armstrong,World Health Organisation,,International Organisation,Switzerland,Europe
2010,116,Report ,Global Status Report on Non-Communicable Disease,Douglas Bettcher,World Health Organisation,,International Organisation,Switzerland,Europe
2010,116,Report ,Global Status Report on Non-Communicable Disease,Francesco Branca,World Health Organisation,,International Organisation,Switzerland,Europe
2010,116,Report ,Global Status Report on Non-Communicable Disease,Daniel Chisholm,World Health Organisation,,International Organisation,Switzerland,Europe
2010,116,Report ,Global Status Report on Non-Communicable Disease,Majid Ezzati,World Health Organisation,,International Organisation,Switzerland,Europe
2010,116,Report ,Global Status Report on Non-Communicable Disease,Richard Garﬁeld,World Health Organisation,,International Organisation,Switzerland,Europe
2010,116,Report ,Global Status Report on Non-Communicable Disease,David Maclean,World Health Organisation,,International Organisation,Switzerland,Europe
2010,116,Report ,Global Status Report on Non-Communicable Disease,Colin Mathers,World Health Organisation,,International Organisation,Switzerland,Europe
2010,116,Report ,Global Status Report on Non-Communicable Disease,Shanthi Mendis,World Health Organisation,,International Organisation,Switzerland,Europe
2010,116,Report ,Global Status Report on Non-Communicable Disease,Vladimir Poznyak,World Health Organisation,,International Organisation,Switzerland,Europe
2010,116,Report ,Global Status Report on Non-Communicable Disease,Leanne Riley,World Health Organisation,,International Organisation,Switzerland,Europe
2010,116,Report ,Global Status Report on Non-Communicable Disease,Kwok Cho Tang,World Health Organisation,,International Organisation,Switzerland,Europe
2010,116,Report ,Global Status Report on Non-Communicable Disease,Christopher Wild,World Health Organisation,,International Organisation,Switzerland,Europe
2010,117,Journal series,Lancet 2010 Non-communicable Disease Series,Robert Beaglehole,University of Auckland,,Academic,New Zealand,Oceania 
2010,117,Journal series,Lancet 2010 Non-communicable Disease Series,Richard Horton,The Lancet,,Medical Journal,UK,Europe
2010,117,Journal series,Lancet 2010 Non-communicable Disease Series,Pascale Allotey,Monash University,Jeffrey Cheah School of Medicine and Health Sciences ,Academic,Malaysia,Asia
2010,117,Journal series,Lancet 2010 Non-communicable Disease Series,Daniel D Reidpath,Monash University,Jeffrey Cheah School of Medicine and Health Sciences ,Academic,Malaysia,Asia
2010,117,Journal series,Lancet 2010 Non-communicable Disease Series,Shajahan Yasin,Monash University,Jeffrey Cheah School of Medicine and Health Sciences ,Academic,Malaysia,Asia
2010,117,Journal series,Lancet 2010 Non-communicable Disease Series,Carina K Chan,Monash University,Jeffrey Cheah School of Medicine and Health Sciences ,Academic,Malaysia,Asia
2010,117,Journal series,Lancet 2010 Non-communicable Disease Series,Ama de-Graft Aikins,University of Ghana,Regional Institute for Population Studies ,Academic,Ghana,Africa
2010,117,Journal series,Lancet 2010 Non-communicable Disease Series,Ama de-Graft Aikins,London School of Economics and Political Science,LSE Health ,Academic,UK,Europe
2010,117,Journal series,Lancet 2010 Non-communicable Disease Series,Jean Claude Mbanya,International Diabetes Federation,,International Organisation,Belgium,Europe
2010,117,Journal series,Lancet 2010 Non-communicable Disease Series,SB Squire,International Union Against Tuberculosis and Lung Disease,,International Organisation,France,Europe
2010,117,Journal series,Lancet 2010 Non-communicable Disease Series,Eduardo Cazap,Union for International Cancer Control,,NGO,Switzerland,Europe
2010,117,Journal series,Lancet 2010 Non-communicable Disease Series,Pekka Puska,World Heart Federation,,NGO,Switzerland,Europe
2010,117,Journal series,Lancet 2010 Non-communicable Disease Series,Robert Geneau,University of Ottawa,Elizabeth Bruyere Research Institute ,Academic,Canada,North America
2010,117,Journal series,Lancet 2010 Non-communicable Disease Series,David Stuckler,University of Oxford,Department of Sociology ,Academic,UK,Europe
2010,117,Journal series,Lancet 2010 Non-communicable Disease Series,Sylvie Stachenko,University of Alberta,School of Public Health,Academic,Canada,North America
2010,117,Journal series,Lancet 2010 Non-communicable Disease Series,Martin McKee,European Centre on Health of Societies in Transition,,International Organisation,UK,Europe
2010,117,Journal series,Lancet 2010 Non-communicable Disease Series,Shah Ebrahim,London School of Hygiene and Tropical Medicine,,Academic,UK,Europe
2010,117,Journal series,Lancet 2010 Non-communicable Disease Series,Shah Ebrahim,Public Health Foundation of India,South Asia Network for Chronic Disease,NGO,India,Asia
2010,117,Journal series,Lancet 2010 Non-communicable Disease Series,Shah Ebrahim,Public Health Foundation of India,,NGO,India,Asia
2010,117,Journal series,Lancet 2010 Non-communicable Disease Series,Sanjay Basu,University of California San Francisco ,Department of Medicine,Academic,USA,North America
,117,Journal series,Lancet 2010 Non-communicable Disease Series,Sanjay Basu,San Francisco General Hospital,Division of General Internal Medicine,Medical,,
2010,117,Journal series,Lancet 2010 Non-communicable Disease Series,Arun Chockalingham,"National Heart, Lung and Blood Institute",Office of Global Health ,Governmental Organisation,USA,North America
2010,117,Journal series,Lancet 2010 Non-communicable Disease Series,Modi Mwatsama,National Heart Forum,,NGO,UK,Europe
2010,117,Journal series,Lancet 2010 Non-communicable Disease Series,Rozmin Jamal,Aga Khan University,Clinical Research Unit ,Academic,Pakistan,Asia
2010,117,Journal series,Lancet 2010 Non-communicable Disease Series,Ala Alwan,World Health Organisation,WHO Non-communicable Diseases and Mental Health Cluster,International Organisation,Switzerland,Europe
2010,117,Journal series,Lancet 2010 Non-communicable Disease Series,Robert Beaglehole,University of Auckland,,Academic,New Zealand,Oceania 
2010,117,Journal series,Lancet 2010 Non-communicable Disease Series,Karen Lock,London School of Hygiene and Tropical Medicine,,Academic,UK,Europe
2010,117,Journal series,Lancet 2010 Non-communicable Disease Series,Karen Lock,Leverhulme Centre for Integrative Research on Agriculture and Health,,Research Institute,UK,Europe
2010,117,Journal series,Lancet 2010 Non-communicable Disease Series,Richard D Smith,London School of Hygiene and Tropical Medicine,,Academic,UK,Europe
2010,117,Journal series,Lancet 2010 Non-communicable Disease Series,Richard D Smith,Leverhulme Centre for Integrative Research on Agriculture and Health,,Research Institute,UK,Europe
2010,117,Journal series,Lancet 2010 Non-communicable Disease Series,Alan D Dangour,London School of Hygiene and Tropical Medicine,,Academic,UK,Europe
2010,117,Journal series,Lancet 2010 Non-communicable Disease Series,Alan D Dangour,Leverhulme Centre for Integrative Research on Agriculture and Health,,Research Institute,UK,Europe
2010,117,Journal series,Lancet 2010 Non-communicable Disease Series,Marcus Keogh-Brown,London School of Hygiene and Tropical Medicine,,Academic,UK,Europe
2010,117,Journal series,Lancet 2010 Non-communicable Disease Series,Marcus Keogh-Brown,Leverhulme Centre for Integrative Research on Agriculture and Health,,Research Institute,UK,Europe
2010,117,Journal series,Lancet 2010 Non-communicable Disease Series,Gessuir Pigatto,Universidade Estudual Paulista Julio de Mesquita Filho,,Academic,Brazil,South America
2010,117,Journal series,Lancet 2010 Non-communicable Disease Series,Corinna Hawkes,University of São Paulo,Faculty of Public Health,Academic,Brazil,South America
2010,117,Journal series,Lancet 2010 Non-communicable Disease Series,Regina Mara Fisberg,University of São Paulo,Faculty of Public Health,Academic,Brazil,South America
2010,117,Journal series,Lancet 2010 Non-communicable Disease Series,Zaid Chalabi,London School of Hygiene and Tropical Medicine,,Academic,UK,Europe
2010,117,Journal series,Lancet 2010 Non-communicable Disease Series,Zaid Chalabi,Leverhulme Centre for Integrative Research on Agriculture and Health,,Research Institute,UK,Europe
2010,117,Journal series,Lancet 2010 Non-communicable Disease Series,Michele Cecchini,Organisation for Economic Co-operation and Development,Health Division ,International Organisation,France,Europe
2010,117,Journal series,Lancet 2010 Non-communicable Disease Series,Franco Sassi,Organisation for Economic Co-operation and Development,Health Division ,International Organisation,France,Europe
2010,117,Journal series,Lancet 2010 Non-communicable Disease Series,Jeremy A Lauer,World Health Organisation,WHO Department of Health Systems Financing ,International Organisation,Switzerland,Europe
2010,117,Journal series,Lancet 2010 Non-communicable Disease Series,Yong Y Lee,University of Queensland,School of Population Health,Academic,Australia ,Oceania 
2010,117,Journal series,Lancet 2010 Non-communicable Disease Series,Veronica Guajardo-Barron,Ministry of Health of Mexico,Economic Analysis Unit,National Government,Mexico,North America
2010,117,Journal series,Lancet 2010 Non-communicable Disease Series,Daniel Chisholm,World Health Organisation,WHO Department of Health Systems Financing ,International Organisation,Switzerland,Europe
2010,117,Journal series,Lancet 2010 Non-communicable Disease Series,Badara Samb,World Health Organisation,WHO Cluster of Health Systems and Services ,International Organisation,Switzerland,Europe
2010,117,Journal series,Lancet 2010 Non-communicable Disease Series,Nina Desai,George Institute for Global Health,,Research Institute,UK,Europe
2010,117,Journal series,Lancet 2010 Non-communicable Disease Series,Sania Nishtar,Heartfile,,NGO,Pakistan,Asia
2010,117,Journal series,Lancet 2010 Non-communicable Disease Series,Shanthi Mendis,World Health Organisation,,International Organisation,Switzerland,Europe
2010,117,Journal series,Lancet 2010 Non-communicable Disease Series,Henk Bekedam,World Health Organisation,WHO Regional Office for the Western Pacific,International Organisation,The Philipines,Asia
2010,117,Journal series,Lancet 2010 Non-communicable Disease Series,Anna Wright,Conultant in public health,,not applicable,UK,Europe
2010,117,Journal series,Lancet 2010 Non-communicable Disease Series,Justine Hsu,London School of Hygiene and Tropical Medicine,,Academic,UK,Europe
2010,117,Journal series,Lancet 2010 Non-communicable Disease Series,Alexandra Martiniuk,George Institute for Global Health,,Research Institute,Australia ,Oceania 
2010,117,Journal series,Lancet 2010 Non-communicable Disease Series,Francesca Celletti,World Health Orgaisation,,International Organisation,Switzerland,Europe
2010,117,Journal series,Lancet 2010 Non-communicable Disease Series,Kiran Patel,UK National Health Service,West Midlands Strategic Health Authority,Medical,UK,Europe
2010,117,Journal series,Lancet 2010 Non-communicable Disease Series,Fiona Adshead,UK Department of Health,,National Government,UK,Europe
2010,117,Journal series,Lancet 2010 Non-communicable Disease Series,Martin McKee,London School of Hygiene and Tropical Medicine,,Academic,UK,Europe
2010,117,Journal series,Lancet 2010 Non-communicable Disease Series,Tim Evans,World Health Organisation,,International Organisation,Switzerland,Europe
2010,117,Journal series,Lancet 2010 Non-communicable Disease Series,Ala Alwan,World Health Organisation,WHO Non-communicable Diseases and Mental Health Cluster ,International Organisation,Switzerland,Europe
2010,117,Journal series,Lancet 2010 Non-communicable Disease Series,Carissa Etienne,World Health Organisation,WHO Cluster of Health Systems and Services ,International Organisation,Switzerland,Europe
2010,117,Journal series,Lancet 2010 Non-communicable Disease Series,Ala Alwan,World Health Organisation,WHO Non-communicable Diseases and Mental Health Cluster ,International Organisation,Switzerland,Europe
2010,117,Journal series,Lancet 2010 Non-communicable Disease Series,David MacLean,World Health Organisation,WHO Non-communicable Diseases and Mental Health Cluster ,International Organisation,Switzerland,Europe
2010,117,Journal series,Lancet 2010 Non-communicable Disease Series,Leanne Riley,World Health Organisation,WHO Department of Chronic Diseases and Health Promotion,International Organisation,Switzerland,Europe
2010,117,Journal series,Lancet 2010 Non-communicable Disease Series,Edouard Tursan d'Espaignet,World Health Organisation,Tobacco Free Initiative,International Organisation,Switzerland,Europe
2010,117,Journal series,Lancet 2010 Non-communicable Disease Series,Colin Mathers,World Health Organisation,"WHO Mortality and Burden of Disease, Department of Health Statistics and Informatics",International Organisation,Switzerland,Europe
2010,117,Journal series,Lancet 2010 Non-communicable Disease Series,Gretchen Stevens,World Health Organisation,"WHO Mortality and Burden of Disease, Department of Health Statistics and Informatics",International Organisation,Switzerland,Europe
2010,117,Journal series,Lancet 2010 Non-communicable Disease Series,Douglas Bettcher,World Health Organisation,WHO Tobacco Free Initiative,International Organisation,Switzerland,Europe
2011,118,Report ,From burden to "best buys": Reducing the economic impact of NCDs in low- and middle-income countries,David E. Bloom,Harvard University,Harvard School of Public Health,Academic,USA,North America
2011,118,Report ,From burden to "best buys": Reducing the economic impact of NCDs in low- and middle-income countries,Daniel Chisholm,World Health Organisation,WHO Department of Health Systems Financing ,International Organisation,Switzerland,Europe
2011,118,Report ,From burden to "best buys": Reducing the economic impact of NCDs in low- and middle-income countries,Eva Jané-Llopis,World Economic Forum,,NGO,Switzerland,Europe
2011,118,Report ,From burden to "best buys": Reducing the economic impact of NCDs in low- and middle-income countries,Klaus Prettner,Harvard University,Harvard School of Public Health,Academic,USA,North America
2011,118,Report ,From burden to "best buys": Reducing the economic impact of NCDs in low- and middle-income countries,Adam Stein,Harvard University,Harvard School of Public Health,Academic,USA,North America
2011,118,Report ,From burden to "best buys": Reducing the economic impact of NCDs in low- and middle-income countries,Andrea Feigl,Harvard University,Harvard School of Public Health,Academic,USA,North America
2011,119,Strategy ,Strategic Plan of Action for the Prevention and Control of Non-Communicale Diseases for Countries of the Caribbean Community 2011-2015,Alma Hughes,Ministry of Health of Anguilla,,National Government,Anguilla ,North America
2011,119,Strategy ,Strategic Plan of Action for the Prevention and Control of Non-Communicale Diseases for Countries of the Caribbean Community 2011-2016,Yasmine Williams Robinson,Ministry of Health of Bahamas,,National Government,Bahamas ,North America
2011,119,Strategy ,Strategic Plan of Action for the Prevention and Control of Non-Communicale Diseases for Countries of the Caribbean Community 2011-2017,Larone Hyland ,Ministry of Health of Barbados,,National Government,Barbados ,North America
2011,119,Strategy ,Strategic Plan of Action for the Prevention and Control of Non-Communicale Diseases for Countries of the Caribbean Community 2011-2018,Kenneth George,Ministry of Health of Barbados,,National Government,Barbados ,North America
2011,119,Strategy ,Strategic Plan of Action for the Prevention and Control of Non-Communicale Diseases for Countries of the Caribbean Community 2011-2019,Dy-Jaun DeRoza ,Ministry of Health of Bermuda,,National Government,Bermuda,North America
2011,119,Strategy ,Strategic Plan of Action for the Prevention and Control of Non-Communicale Diseases for Countries of the Caribbean Community 2011-2020,Ivy George ,Ministry of Health of British Virgin Islands,,National Government,British Virgin Islands,North America
2011,119,Strategy ,Strategic Plan of Action for the Prevention and Control of Non-Communicale Diseases for Countries of the Caribbean Community 2011-2021,George Mitchell ,Ministry of Health of Greneda,,National Government,Grenada ,North America
2011,119,Strategy ,Strategic Plan of Action for the Prevention and Control of Non-Communicale Diseases for Countries of the Caribbean Community 2011-2022,Gumti Krishendat ,Ministry of Health of Guyana,,National Government,Guyana ,South America
2011,119,Strategy ,Strategic Plan of Action for the Prevention and Control of Non-Communicale Diseases for Countries of the Caribbean Community 2011-2023,Tamu Davidson-Sadler ,Ministry of Health of Jamaica,,National Government,Jamaica,North America
2011,119,Strategy ,Strategic Plan of Action for the Prevention and Control of Non-Communicale Diseases for Countries of the Caribbean Community 2011-2024,Petronella Edwards,Ministry of Health of St Kitts and Nevis,,National Government,St Kitts and Nevis,North America
2011,119,Strategy ,Strategic Plan of Action for the Prevention and Control of Non-Communicale Diseases for Countries of the Caribbean Community 2011-2025,Virginia Asin-Oostburg ,Ministry of Health of Suriname,,National Government,Suriname,South America
2011,119,Strategy ,Strategic Plan of Action for the Prevention and Control of Non-Communicale Diseases for Countries of the Caribbean Community 2011-2026,Glennis Andall ,Caribbean Public Health Agency,Caribbean Epidemiological Research Centre ,International Organisation,Trinidad and Tobago,North America
2011,119,Strategy ,Strategic Plan of Action for the Prevention and Control of Non-Communicale Diseases for Countries of the Caribbean Community 2011-2027,Laura D. Richards ,Caribbean Public Health Agency,Caribbean Food and Nutrition Institute ,International Organisation,Trinidad and Tobago,North America
2011,119,Strategy ,Strategic Plan of Action for the Prevention and Control of Non-Communicale Diseases for Countries of the Caribbean Community 2011-2028,Trevor Hassell,Healthy Caribbean Coalition,,NGO,Barbados,North America
2011,119,Strategy ,Strategic Plan of Action for the Prevention and Control of Non-Communicale Diseases for Countries of the Caribbean Community 2011-2029,Anselm Hennis,University of the West Indies ,George Alleyne Chronic Disease Research Centre,Academic,Barbados,North America
2011,119,Strategy ,Strategic Plan of Action for the Prevention and Control of Non-Communicale Diseases for Countries of the Caribbean Community 2011-2030,Denise Carter Taylor,Pan American Health Organisation,,International Organisation,USA,North America
2011,119,Strategy ,Strategic Plan of Action for the Prevention and Control of Non-Communicale Diseases for Countries of the Caribbean Community 2011-2031,B Theodore-Gandi,Pan American Health Organisation,,International Organisation,USA,North America
2011,119,Strategy ,Strategic Plan of Action for the Prevention and Control of Non-Communicale Diseases for Countries of the Caribbean Community 2011-2028,Dorrett Campbell ,Countries of the Caribbean Community (CARICOM),,International Organisation,Guyana,South America
2011,119,Strategy ,Strategic Plan of Action for the Prevention and Control of Non-Communicale Diseases for Countries of the Caribbean Community 2011-2029,Rudy Cummings,Countries of the Caribbean Community (CARICOM),,International Organisation,Guyana,South America
2011,119,Strategy ,Strategic Plan of Action for the Prevention and Control of Non-Communicale Diseases for Countries of the Caribbean Community 2011-2030,T Alafia Samuels,Countries of the Caribbean Community (CARICOM),,International Organisation,Guyana,South America
2011,120,Report ,UN High-level Meeting on NCDs: Summary report of the discussions at the round tables. ,Andrew Lansley,Ministry of Health of the UK,,National Government,UK,Europe
2011,120,Report ,UN High-level Meeting on NCDs: Summary report of the discussions at the round tables. ,Endang Rahayu Sedyaningsih,Ministry of Health of Indonesia,,National Government,Indonesia,Asia
2011,120,Report ,UN High-level Meeting on NCDs: Summary report of the discussions at the round tables. ,Pál Schmitt,President of Hungary,,National Government,Hungary,Europe
2011,120,Report ,UN High-level Meeting on NCDs: Summary report of the discussions at the round tables. ,Salomon Chertorivski Woldenberg,Ministry of Health of Mexico,,National Government,Mexico,North America
2011,120,Report ,UN High-level Meeting on NCDs: Summary report of the discussions at the round tables. ,Denzil L. Douglas,Prime Minister of St Kitts and Nevis,,National Government,St Kitts and Nevis,North America
2011,120,Report ,UN High-level Meeting on NCDs: Summary report of the discussions at the round tables. ,Walter T. GwenigaleI,Ministry of Health and Social Welfare of Liberia,,National Government,Liberia,Africa
2011,121,Report ,Scaling up action against NCDs: How much will it cost?,Daniel Chisholm,World Health Organisation,WHO Department of Health Systems Financing,International Organisation,Switzerland,Europe
2011,121,Report ,Scaling up action against NCDs: How much will it cost?,Dele Abegunde,World Health Organisation,WHO Department of Essential Medicines and Pharmaceutical Policies,International Organisation,Switzerland,Europe
2011,121,Report ,Scaling up action against NCDs: How much will it cost?,Shanthi Mendis,World Health Organisation,WHO Department of Chronic Disease and Health Promotion,International Organisation,Switzerland,Europe
2011,121,Report ,Scaling up action against NCDs: How much will it cost?,Ala Alwan,World Health Organisation,WHO Non-communicable Diseases and Mental Health Cluster,International Organisation,Switzerland,Europe
2011,121,Report ,Scaling up action against NCDs: How much will it cost?,David Evans,World Health Organisation,WHO Department of Health Systems Financing,International Organisation,Switzerland,Europe
2011,121,Report ,Scaling up action against NCDs: How much will it cost?,Tessa Tan Torres Edejer,World Health Organisation,WHO Department of Health Systems Financing,International Organisation,Switzerland,Europe
2011,122,Report ,A comprehensive global monitoring framework and voluntary global targets for the prevention and control of NCDs,,World Health Organisation,WHO Department of Chronic Disease and Health Promotion,International Organisation,Switzerland,Europe
2011,123,Report ,The growing danger of non-communicable diseases : acting now to reverse course,Cristian Baeza,World Bank,"Health, Nutrition and Population, Human Development Network ",International Organisation,USA,North America
2011,123,Report ,The growing danger of non-communicable diseases : acting now to reverse course,Nicole Klingen,World Bank,"Health, Nutrition and Population, Human Development Network ",International Organisation,USA,North America
2011,123,Report ,The growing danger of non-communicable diseases : acting now to reverse course,Anne-Maryse Pierre-Louis,World Bank,,International Organisation,USA,North America
2011,123,Report ,The growing danger of non-communicable diseases : acting now to reverse course,Montserrat Meiro-Lorenzo,World Bank,,International Organisation,USA,North America
2011,123,Report ,The growing danger of non-communicable diseases : acting now to reverse course,Irina Nikolic,World Bank,,International Organisation,USA,North America
2011,123,Report ,The growing danger of non-communicable diseases : acting now to reverse course,Tonya Luana Villafana,World Bank,,International Organisation,USA,North America
2011,123,Report ,The growing danger of non-communicable diseases : acting now to reverse course,Patricio Marquez,World Bank,Europe and Central Asia Region Office,International Organisation,USA,North America
2011,123,Report ,The growing danger of non-communicable diseases : acting now to reverse course,Enis Baris,World Bank,Middle East and North Africa Region Office,International Organisation,USA,North America
2011,123,Report ,The growing danger of non-communicable diseases : acting now to reverse course,Joana Godinho,World Bank,Latin America and Caribbean Region Office,International Organisation,USA,North America
2011,123,Report ,The growing danger of non-communicable diseases : acting now to reverse course,Sameh El-Sa-harty,World Bank,South Asia Region Office,International Organisation,USA,North America
2011,123,Report ,The growing danger of non-communicable diseases : acting now to reverse course,Edward Bos,World Bank,Africa Region Office,International Organisation,USA,North America
2011,123,Report ,The growing danger of non-communicable diseases : acting now to reverse course,Daniel Cotlear,World Bank,"Health, Nutrition and Population, Human Development Network ",International Organisation,USA,North America
2011,123,Report ,The growing danger of non-communicable diseases : acting now to reverse course,Abdo Yazbeck,World Bank,"Health, Nutrition and Population, Human Development Network ",International Organisation,USA,North America
2011,123,Report ,The growing danger of non-communicable diseases : acting now to reverse course,Philip Hay,World Bank,HD Exernal Affairs,International Organisation,USA,North America
2013,124,Report ,Assessing National Capacity for the Prevention and Control of Noncommunicable Diseases: Report of the 2013 Global Survey,Leanne Riley,World Health Organisation,WHO Department for Prevention of Noncommunicable Diseases ,International Organisation,Switzerland,Europe
2013,124,Report ,Assessing National Capacity for the Prevention and Control of Noncommunicable Diseases: Report of the 2013 Global Survey,Melanie Cowan,World Health Organisation,WHO Department for Prevention of Noncommunicable Diseases ,International Organisation,Switzerland,Europe
2013,124,Report ,Assessing National Capacity for the Prevention and Control of Noncommunicable Diseases: Report of the 2013 Global Survey, Regina Guthold,World Health Organisation,WHO Department for Prevention of Noncommunicable Diseases ,International Organisation,Switzerland,Europe
2013,125,Journal series,Lancet 2013 Non-communicable Disease Series,Richard Horton,The Lancet,,Medical Journal,UK,Europe
2013,125,Journal series,Lancet 2013 Non-communicable Disease Series,Robert Beaglehole,University of Auckland,,Academic,New Zealand,Oceania 
2013,125,Journal series,Lancet 2013 Non-communicable Disease Series,Ruth Bonita,University of Auckland,,Academic,New Zealand,Oceania 
2013,125,Journal series,Lancet 2013 Non-communicable Disease Series,richard horton,The Lancet,,Medical Journal,UK,Europe
2013,125,Journal series,Lancet 2013 Non-communicable Disease Series,Helen Clark,United Nations Development Programme,,International Organisation,USA,North America
2013,125,Journal series,Lancet 2013 Non-communicable Disease Series,George Alleyne,Pan American Health Organisation,,International Organisation,USA,North America
2013,125,Journal series,Lancet 2013 Non-communicable Disease Series,Agnes Binagwaho,Ministry of Health of Rwanda,,National Government,Rwanda,Africa
2013,125,Journal series,Lancet 2013 Non-communicable Disease Series,Agnes Binagwaho,Harvard University,Harvard Medical School,Academic,USA,North America
2013,125,Journal series,Lancet 2013 Non-communicable Disease Series,Andy Haines,London School of Hygiene and Tropical Medicine,,Academic,UK,Europe
2013,125,Journal series,Lancet 2013 Non-communicable Disease Series,Selim Jahan,United Nations Development Programme,,International Organisation,USA,North America
2013,125,Journal series,Lancet 2013 Non-communicable Disease Series,Rachel Nugent,University of Washington,Department of Global Health,Academic,USA,North America
2013,125,Journal series,Lancet 2013 Non-communicable Disease Series,Ariella Rojhani,NCD Alliance,,Professional Society,USA,North America
2013,125,Journal series,Lancet 2013 Non-communicable Disease Series,David Stuckler,University of Cambridge,Department of Sociology ,Academic,UK,Europe
2013,125,Journal series,Lancet 2013 Non-communicable Disease Series,Ruth Bonita,University of Auckland,,Academic,New Zealand,Oceania 
2013,125,Journal series,Lancet 2013 Non-communicable Disease Series,Roger Magnusson,University of Sydney,Sydney Law School ,Academic,Australia ,Oceania 
2013,125,Journal series,Lancet 2013 Non-communicable Disease Series,Pascal Bovet,University of Lausanne ,Institute of Social and Preventive Medicine,Academic,Switzerland,Europe
2013,125,Journal series,Lancet 2013 Non-communicable Disease Series,Dong Zhao,Capital Medical University,"Anzhen Hospital–Beijing Institute of Heart, Lung and Blood Vessel Diseases",Academic,China,Asia
2013,125,Journal series,Lancet 2013 Non-communicable Disease Series,Deborah C Malta,Ministry of Health of Brazil,,National Government,Brazil,South America
2013,125,Journal series,Lancet 2013 Non-communicable Disease Series,Robert Geneau,International Development Research Centre,,Funding Body,Canada,North America
2013,125,Journal series,Lancet 2013 Non-communicable Disease Series,Il Suh,Yonsei University,Department of Preventive Medicine,Academic,South Korea,Asia
2013,125,Journal series,Lancet 2013 Non-communicable Disease Series,Kavumpurathu Raman Thankappan,Sree Chitra Tirunal Institute for Medical Sciences and Technology,,Academic,India,Asia
2013,125,Journal series,Lancet 2013 Non-communicable Disease Series,Martin McKee,London School of Hygiene and Tropical Medicine,,Academic,UK,Europe
2013,125,Journal series,Lancet 2013 Non-communicable Disease Series,James Hospedales,World Health Organisation,WHO Regional Office for the Americas,International Organisation,USA,North America
2013,125,Journal series,Lancet 2013 Non-communicable Disease Series,Maximilian de Courten,University of Copenhagen,,Academic,Denmark,Europe
2013,125,Journal series,Lancet 2013 Non-communicable Disease Series,Simon Capewell,University of Liverpool,,Academic,UK,Europe
2013,125,Journal series,Lancet 2013 Non-communicable Disease Series,Robert Beaglehole,University of Auckland,,Academic,New Zealand,Oceania 
2013,125,Journal series,Lancet 2013 Non-communicable Disease Series,Mariachiara Di Cesare,Imperial College London,Department of Epidemiology and Biostatistics ,Academic,UK,Europe
2013,125,Journal series,Lancet 2013 Non-communicable Disease Series,Young-Ho Khang,University of Ulsan ,Department of Preventive Medicine ,Academic,South Korea,Asia
2013,125,Journal series,Lancet 2013 Non-communicable Disease Series,Perviz Asaria,Imperial College London,Department of Epidemiology and Biostatistics ,Academic,UK,Europe
2013,125,Journal series,Lancet 2013 Non-communicable Disease Series,Tony Blakely,University of Otago,Department of Public Health,Academic,New Zealand,Oceania 
2013,125,Journal series,Lancet 2013 Non-communicable Disease Series,Melanie Cowan,World Helath Organisation,WHO Department of Chronic Diseases and Health Promotion,International Organisation,Switzerland,Europe
2013,125,Journal series,Lancet 2013 Non-communicable Disease Series,Farshad Farzadfar,Tehran University of Medical Sciences,Endocrinology and Metabolism Research Institute ,Academic,Iran,Asia
2013,125,Journal series,Lancet 2013 Non-communicable Disease Series,Ramiro Guerrero,Universidad Icesi,Research Center for Social Protection and Health Economics,Academic,Colombia,South America
2013,125,Journal series,Lancet 2013 Non-communicable Disease Series,Nayu Ikeda,University of Tokyo,Graduate School of Medicine,Academic,Japan,Asia
2013,125,Journal series,Lancet 2013 Non-communicable Disease Series,Catherine Kyobutungi,African Population and Health Research Center,,Research Institute,Kenya,Africa
2013,125,Journal series,Lancet 2013 Non-communicable Disease Series,Kelias P Msyamboza,World Health Organisation,WHO Malawi Country Office,International Organisation,Malawi,Africa
2013,125,Journal series,Lancet 2013 Non-communicable Disease Series,Sophal Oum,The Ministry of Health of Cambodia,,National Government,Cambodia,Asia
2013,125,Journal series,Lancet 2013 Non-communicable Disease Series,John W Lynch,University of Adelaide ,School of Population Health and Clinical Practice,Academic,Australia ,Oceania 
2013,125,Journal series,Lancet 2013 Non-communicable Disease Series,John W Lynch,University of Bristol,School of Social and Community Medicine,Academic,UK,Europe
2013,125,Journal series,Lancet 2013 Non-communicable Disease Series,Michael G Marmot,University College London,Department of Epidemiology and Public Health ,Academic,UK,Europe
2013,125,Journal series,Lancet 2013 Non-communicable Disease Series,Majid Ezzati,Imperial College London,Department of Epidemiology and Biostatistics ,Academic,UK,Europe
2013,125,Journal series,Lancet 2013 Non-communicable Disease Series,Rob Moodie,University of Melbourne,Melbourne School of Population Health ,Academic,Australia ,Oceania 
2013,125,Journal series,Lancet 2013 Non-communicable Disease Series,David Stuckler,University of Cambridge,Department of Sociology ,Academic,UK,Europe
2013,125,Journal series,Lancet 2013 Non-communicable Disease Series,Carlos Monteiro,University of Sao Paulo,School of Public Health ,Academic,Brazil,South America
2013,125,Journal series,Lancet 2013 Non-communicable Disease Series,Nick Sheron,University of Southampton, Faculty of Medicine,Academic,UK,Europe
2013,125,Journal series,Lancet 2013 Non-communicable Disease Series,Bruce Neal,University of Sydney,George Institute for Global Health ,Academic,Australia ,Oceania 
2013,125,Journal series,Lancet 2013 Non-communicable Disease Series,Thaksaphon Thamarangsi,Ministry of Public Health of Thailand,International Health Policy Program,National Government,Thailand,Asia
2013,125,Journal series,Lancet 2013 Non-communicable Disease Series,Paul Lincoln,National Heart Forum,,NGO,UK,Europe
2013,125,Journal series,Lancet 2013 Non-communicable Disease Series,Sally Casswell,Massey University,School of Public Health ,Academic,New Zealand,Oceania 
2013,125,Journal series,Lancet 2013 Non-communicable Disease Series,Hans V Hogerzeil,University of Groningen,Department of Global Health,Academic,The Netherlands,Europe
2013,125,Journal series,Lancet 2013 Non-communicable Disease Series,Jonathan Liberman,McCabe Centre for Law and Cancer,,NGO,Australia ,Oceania 
,125,Journal series,Lancet 2013 Non-communicable Disease Series,Jonathan Liberman,Cancer Council Victoria,,NGO,Australia ,Oceania 
,125,Journal series,Lancet 2013 Non-communicable Disease Series,Jonathan Liberman,Union for International Cancer Control,,NGO,Australia ,Oceania 
2013,125,Journal series,Lancet 2013 Non-communicable Disease Series,Veronika J Wirtz,"National Institute of Public Health, Mexico",Centre for Health Systems Research,Research Institute,Mexico,North America
2013,125,Journal series,Lancet 2013 Non-communicable Disease Series,Sandeep P Kishore,Harvard University,Harvard Medical School ,Academic,USA,North America
2013,125,Journal series,Lancet 2013 Non-communicable Disease Series,Sandeep P Kishore,Young Professionals Chronic Diseases Network,,Professional Society,USA,North America
2013,125,Journal series,Lancet 2013 Non-communicable Disease Series,Sakthi Selvaraj,Public Health Foundation of India,,NGO,India,Asia
2013,125,Journal series,Lancet 2013 Non-communicable Disease Series,Rachel Kiddell-Monroe,Universities Allied for Essential Medicines,,Academic,Canada,North America
2013,125,Journal series,Lancet 2013 Non-communicable Disease Series,Faith N Mwangi-Powell,African Palliative Care Association,,NGO,Uganda,Africa
2013,125,Journal series,Lancet 2013 Non-communicable Disease Series,Faith N Mwangi-Powell,Open Society Foundations,,Philanthropy,USA,North America
2013,125,Journal series,Lancet 2013 Non-communicable Disease Series,Tido von Schoen-Angerer,Médecins Sans Frontières,,NGO,Switzerland,Europe
2013,125,Journal series,Lancet 2013 Non-communicable Disease Series,Rifat Atun,Imperial College London,Imperial College Business School ,Academic,UK,Europe
2013,125,Journal series,Lancet 2013 Non-communicable Disease Series,Shabbar Jaffar,London School of Hygiene and Tropical Medicine,,Academic,UK,Europe
2013,125,Journal series,Lancet 2013 Non-communicable Disease Series,Sania Nishtar,Heartfile,,NGO,Pakistan,Asia
2013,125,Journal series,Lancet 2013 Non-communicable Disease Series,Felicia M Knaul,Harvard University,Harvard Global Equity Initiative,Academic,USA,North America
2013,125,Journal series,Lancet 2013 Non-communicable Disease Series,Mauricio L Barreto,Federal University of Bahia,Instituto de Saude Coletiva ,Academic,Brazil,South America
2013,125,Journal series,Lancet 2013 Non-communicable Disease Series,Moffat Nyirenda,College of Medicine,,Academic,Malawi,Africa
2013,125,Journal series,Lancet 2013 Non-communicable Disease Series,Nicholas Banatvala,World Health Organisation,WHO United Nations Task Force for NCDs,International Organisation,Switzerland,Europe
2013,125,Journal series,Lancet 2013 Non-communicable Disease Series,Peter Piot,London School of Hygiene and Tropical Medicine,,Academic,UK,Europe
2013,126,Strategy ,Global action plan for the prevention and control of noncommnicable diseases 2013-2020.,Oleg Chestnov,World Health Organisation,WHO Non-communicable Diseases and Mental Health Cluster ,International Organisation,Switzerland,Europe
2014,127,Report ,Global Status Report on non-communicable disease,Oleg Chestnov,World Health Organisation,,International Organisation,Switzerland,Europe
2014,127,Report ,Global Status Report on non-communicable disease,Anarfi Asamoa-Baah,World Health Organisation,,International Organisation,Switzerland,Europe
2014,127,Report ,Global Status Report on non-communicable disease,Chris Dye,World Health Organisation,,International Organisation,Switzerland,Europe
2014,127,Report ,Global Status Report on non-communicable disease,Ian Smith,World Health Organisation,,International Organisation,Switzerland,Europe
2014,127,Report ,Global Status Report on non-communicable disease,Shanthi Mendis,World Health Organisation,,International Organisation,Switzerland,Europe
2014,127,Report ,Global Status Report on non-communicable disease,Tim Armstrong,World Health Organisation,,International Organisation,Switzerland,Europe
2014,127,Report ,Global Status Report on non-communicable disease,Douglas Bettcher,World Health Organisation,,International Organisation,Switzerland,Europe
2014,127,Report ,Global Status Report on non-communicable disease,Francesco Branca,World Health Organisation,,International Organisation,Switzerland,Europe
2014,127,Report ,Global Status Report on non-communicable disease,Jeremy A Lauer,World Health Organisation,,International Organisation,Switzerland,Europe
2014,127,Report ,Global Status Report on non-communicable disease,Cecile Mace,World Health Organisation,,International Organisation,Switzerland,Europe
2014,127,Report ,Global Status Report on non-communicable disease,Vladimir Poznyak,World Health Organisation,,International Organisation,Switzerland,Europe
2014,127,Report ,Global Status Report on non-communicable disease,Leanne Riley,World Health Organisation,,International Organisation,Switzerland,Europe
2014,127,Report ,Global Status Report on non-communicable disease,Vera Da Costa E Silva,World Health Organisation,,International Organisation,Switzerland,Europe
2014,127,Report ,Global Status Report on non-communicable disease,Gretchen Stevens ,World Health Organisation,,International Organisation,Switzerland,Europe
2014,127,Report ,Global Status Report on non-communicable disease,Kwok Cho Tang ,World Health Organisation,,International Organisation,Switzerland,Europe
2014,128,Strategy ,Plan of Action for the Prevention and Control of Noncommunicable Diseases in the Americas 2013-2019,,World Health Organisation,WHO Regional Office for the Americas,International Organisation,USA,North America
2014,128,Strategy ,Plan of Action for the Prevention and Control of Noncommunicable Diseases in the Americas 2013-2020,,Pan American Health Organisation,The Department of Noncommunicable Diseases and Mental Health ,International Organisation,USA,North America
2015,129,Report ,Report of the first dialogue convened by the World Health Organisation Global Coordination Mechanism on Noncommunicable Diseases. ,Jean-Marc Hoscheit,United Nations ,Permanent Representative to the United Nations in Geneva,International Organisation,Switzerland,Europe
2015,129,Report ,Report of the first dialogue convened by the World Health Organisation Global Coordination Mechanism on Noncommunicable Diseases. ,Taonga Mushayavanhu,United Nations ,Permanent Representative to the United Nations in Geneva,International Organisation,Switzerland,Europe
2015,130,Report ,Noncommunicable Diseases Progress Monitor 2015,Leanne Riley,World Health Organisation,WHO Department for Prevention of Noncommunicable Diseases,International Organisation,Switzerland,Europe
2015,130,Report ,Noncommunicable Diseases Progress Monitor 2016,Melanie Cowan,World Health Organisation,WHO Department for Prevention of Noncommunicable Diseases,International Organisation,Switzerland,Europe
2016,131,Strategy ,"Dialogue on how to strengthen international cooperation on noncommunicable diseases within the framework of North–South, South–South and triangular cooperation.",H E Jorge Lomónaco Tonda,United Nations,Permanent Representative to the United Nations in Geneva,International Organisation,Switzerland,Europe
2016,131,Strategy ,"Dialogue on how to strengthen international cooperation on noncommunicable diseases within the framework of North–South, South–South and triangular cooperation.",Carl Reaich,United Nations,Permanent Representative to the United Nations in Geneva,International Organisation,Switzerland,Europe
2016,132,Report ,GCM/NCD Global Dialogue Meeting on the role of non-State actors in supporting Member States in their national efforts to tackle noncommunicable diseases (NCDs) as part of the 2030 Agenda for Sustainable Development,Oleg Chestnov ,World Health Organisation,WHO Non-communicable Diseases and Mental Health Cluster,International Organisation,Switzerland,Europe
2017,133,Report ,Tackling NCDs:'best buys' and other recommended interventions for the prevention and control of noncommunicable diseases.,,World Health Organisation ,"WHO Department for Management of NCDs,  Disability, Violence and Injury Prevention ",International Organisation,Switzerland,Europe
2017,134,Report ,Highlights from the WHO Global Conference on NCDs: Enhancing policy coherence to prevent and control noncommunicable diseases,George Alleyne ,World Health Organisation,WHO Regional Office for the Americas ,International Organisation,USA,North America
2017,134,Report ,Highlights from the WHO Global Conference on NCDs: Enhancing policy coherence to prevent and control noncommunicable diseases,Ala Alwan ,World Health Organisation,WHO Regional Office for the Eastern Mediterranean ,International Organisation,Egypt,Africa
2017,134,Report ,Highlights from the WHO Global Conference on NCDs: Enhancing policy coherence to prevent and control noncommunicable diseases,Ricardo Gonzalez Arenas ,United Nations,"Representative, Permanent Mission to the UN ",International Organisation,USA,North America
2017,134,Report ,Highlights from the WHO Global Conference on NCDs: Enhancing policy coherence to prevent and control noncommunicable diseases,Robert Beaglehole ,The Lancet NCD Action Group ,,Professional Society,not applicable,not applicable
2017,134,Report ,Highlights from the WHO Global Conference on NCDs: Enhancing policy coherence to prevent and control noncommunicable diseases,Ashley Bloomfield ,Hutt Valley District Health Board ,,Medical,New Zealand,Oceania
2017,134,Report ,Highlights from the WHO Global Conference on NCDs: Enhancing policy coherence to prevent and control noncommunicable diseases,Katie Dain ,NCD Alliance ,,Professional Society,UK,Europe
2017,134,Report ,Highlights from the WHO Global Conference on NCDs: Enhancing policy coherence to prevent and control noncommunicable diseases,Tom Frieden,U.S. Centers for Disease Control and Prevention (CDC) ,,Governmental Organisation,USA,North America
2017,134,Report ,Highlights from the WHO Global Conference on NCDs: Enhancing policy coherence to prevent and control noncommunicable diseases,Cristina Gonzalez ,United Nations,Permanent Representative to the United Nations in Geneva,International Organisation,Switzerland,Europe
2017,134,Report ,Highlights from the WHO Global Conference on NCDs: Enhancing policy coherence to prevent and control noncommunicable diseases,Mauricio Hernandez Avila ,"National Institute of Public Health, Mexico ",,Research Institute,Mexico,North  America
2017,134,Report ,Highlights from the WHO Global Conference on NCDs: Enhancing policy coherence to prevent and control noncommunicable diseases,Ilona Kickbusch ,Graduate Institute ,Global Health Centre ,Academic,Switzerland,Europe
2017,134,Report ,Highlights from the WHO Global Conference on NCDs: Enhancing policy coherence to prevent and control noncommunicable diseases,Sandeep P Kishore ,Young Professionals Chronic Disease Network,,Professional Society,USA,North  America
2017,134,Report ,Highlights from the WHO Global Conference on NCDs: Enhancing policy coherence to prevent and control noncommunicable diseases,Eero Lahtinen ,United Nations,Permanent Representative to the United Nations in Geneva,International Organisation,Switzerland,Europe
2017,134,Report ,Highlights from the WHO Global Conference on NCDs: Enhancing policy coherence to prevent and control noncommunicable diseases,Jaime Miranda ,University Cayetano Heredia ,Cronicas Cente,Academic,Peru,South America
2017,134,Report ,Highlights from the WHO Global Conference on NCDs: Enhancing policy coherence to prevent and control noncommunicable diseases,K Srinath Reddy ,Public Health Foundation of India ,,NGO,India,Asia
2017,134,Report ,Highlights from the WHO Global Conference on NCDs: Enhancing policy coherence to prevent and control noncommunicable diseases,Matthias Reinicke ,European Commission,European Commission Directorate General for International Cooperation and Development (DEVCO),International Organisation,Belgium,Europe
2017,134,Report ,Highlights from the WHO Global Conference on NCDs: Enhancing policy coherence to prevent and control noncommunicable diseases,Colin Tukuitonga, The Pacific Community ,,International Organisation,New Caledonia,Oceania
2017,135,Strategy ,Montevideo Roadmap 2018-2030 on NCDs as a Sustainable Development Priority,,World Health Organisation,,International Organisation,Switzerland,Europe
2017,136,Report ,Noncommunicable Diseases and Air Pollution. ,Hanna Yang,World Health Organisation ,WHO European Centre for Environment and Health,International Organisation,Germany,Europe
2017,136,Report ,Noncommunicable Diseases and Air Pollution. ,Roman Perez Velasco,World Health Organisation ,WHO European Centre for Environment and Health,International Organisation,Germany,Europe
2017,136,Report ,Noncommunicable Diseases and Air Pollution. ,Pierpaolo Mudu,World Health Organisation ,WHO European Centre for Environment and Health,International Organisation,Germany,Europe
2017,136,Report ,Noncommunicable Diseases and Air Pollution. ,Dorota Jarosinska ,World Health Organisation ,WHO European Centre for Environment and Health,International Organisation,Germany,Europe
2017,137,Report ,Noncommunicable Diseases: Progress Monitor 2017. Assesing National Capacity for the Control and Prevention of Noncommunicable Diseases,Leanne Riley,World Health Organisation ,WHO Department for Prevention of Noncommunicable Diseases ,International Organisation,Switzerland,Europe
2017,137,Report ,Noncommunicable Diseases: Progress Monitor 2017. Assesing National Capacity for the Control and Prevention of Noncommunicable Diseases,Hebe Gouda,World Health Organisation ,WHO Department for Prevention of Noncommunicable Diseases ,International Organisation,Switzerland,Europe
2017,137,Report ,Noncommunicable Diseases: Progress Monitor 2017. Assesing National Capacity for the Control and Prevention of Noncommunicable Diseases,Melanie Cowan ,World Health Organisation ,WHO Department for Prevention of Noncommunicable Diseases ,International Organisation,Switzerland,Europe
2017,138,Report ,Preventing Noncommunicable Diseases by Reducing Environmental Risk Factors ,,World Heath Organisation,"WHO Department of Public Health, Environmental and Social Determinants of Health",International Organisation,Switzerland,Europe
2018,139,Report ,Global Dialogue on Partnerships for Sustainable Financing of NCD Prevention and Control,Téa Collins ,World Health Organisation ,WHO Non-communicable Diseases and Mental Health Cluster,International Organisation,Switzerland,Europe
2018,139,Report ,Global Dialogue on Partnerships for Sustainable Financing of NCD Prevention and Control,Ayodele Akinnawo,World Health Organisation ,WHO Non-communicable Diseases and Mental Health Cluster,International Organisation,Switzerland,Europe
2018,140,Report ,Preventing NCD deaths through better air quality Geneva ,,World Health Organisation ,,International Organisation,Switzerland,Europe
2018,141,Report ,Time to Deliver: Report of the WHO Independent High-Level Commission on Noncommunicable Diseases. ,Sauli Niinistö,President of Finland,,National Government,Finland,Europe
2018,141,Report ,Time to Deliver: Report of the WHO Independent High-Level Commission on Noncommunicable Diseases. ,Maithripala Sirisena,President of Sri Lanka,,National Government,Sri Lanka,Asia
2018,141,Report ,Time to Deliver: Report of the WHO Independent High-Level Commission on Noncommunicable Diseases. ,Tabaré Vázquez ,President of Uraguay,,National Government,Uraguay,South America
2018,141,Report ,Time to Deliver: Report of the WHO Independent High-Level Commission on Noncommunicable Diseases. ,Veronika Skvortsova,Ministry of Health of Russia,,National Government,Russia,Europe
2018,141,Report ,Time to Deliver: Report of the WHO Independent High-Level Commission on Noncommunicable Diseases. ,Sania Nishtar,Heartfile,,NGO,Pakistan,Asia
2018,142,Journal series,Lancet Taskforce on NCDs and Economics,Rachel Nugent,Research Triangle Institute International,,Research Institute,USA,North America
2018,142,Journal series,Lancet Taskforce on NCDs and Economics,Melanie Y Bertram,World Health Organisation ,,International Organisation,Switzerland,Europe
2018,142,Journal series,Lancet Taskforce on NCDs and Economics,Stephen Jan,University of New South Wales,George Institute for Global Health ,Academic,Australia ,Oceania 
2018,142,Journal series,Lancet Taskforce on NCDs and Economics,Louis W Niessen,Liverpool School of Tropical Medicine ,Department of International Public Health and Clinical Sciences ,Academic,UK,Europe
2018,142,Journal series,Lancet Taskforce on NCDs and Economics,Louis W Niessen,John Hopkins University,Johns Hopkins Bloomberg School of Public Health,Academic,USA,North America
2018,142,Journal series,Lancet Taskforce on NCDs and Economics,Franco Sassi,Imperial College London,Imperial College Business School,Academic,UK,Europe
2018,142,Journal series,Lancet Taskforce on NCDs and Economics,Dean T Jamison,University of California,Institute for Global Health Sciences,Academic,USA,North America
2018,142,Journal series,Lancet Taskforce on NCDs and Economics,Eduardo González Pier,Center for Global Development,,NGO,USA,North America
2018,142,Journal series,Lancet Taskforce on NCDs and Economics,Robert Beaglehole,University of Auckland,,Academic,New Zealand,Oceania 
2018,142,Journal series,Lancet Taskforce on NCDs and Economics,Louis W Niessen,Liverpool School of Tropical Medicine,Department of International Public Health and Clinical Sciences ,Academic,UK,Europe
2018,142,Journal series,Lancet Taskforce on NCDs and Economics,Louis W Niessen, Johns Hopkins University, Johns Hopkins Bloomberg School of Public Health,Academic,USA,North America
2018,142,Journal series,Lancet Taskforce on NCDs and Economics,Diwakar Mohan,Johns Hopkins University, Johns Hopkins Bloomberg School of Public Health,Academic,USA,North America
2018,142,Journal series,Lancet Taskforce on NCDs and Economics,Jonathan K Akuoku,The World Bank,"Department of Health, Nutrition and Population Global Practice",International Organisation,USA,North America
2018,142,Journal series,Lancet Taskforce on NCDs and Economics,Andrew J Mirelman,University of York,Centre of Health Economics,Academic,UK,Europe
2018,142,Journal series,Lancet Taskforce on NCDs and Economics,Sayem Ahmed,International Centre for Diarrhoeal Disease Research,Health Systems and Population Studies Division,Research Institute,Bangladesh,Asia
2018,142,Journal series,Lancet Taskforce on NCDs and Economics,Sayem Ahmed,Karolinska Institutet,Health Economics and Policy Research Group,Academic,Sweden,Europe
2018,142,Journal series,Lancet Taskforce on NCDs and Economics,Tracey P Koehlmoos,International Centre for Diarrhoeal Disease Research,Health Systems and Population Studies Division,Research Institute,Bangladesh,Asia
2018,142,Journal series,Lancet Taskforce on NCDs and Economics,Tracey P Koehlmoos,Uniformed Services University of the Health Sciences,Department of Preventive Medicine and Biostatistics ,Academic,USA,North America
2018,142,Journal series,Lancet Taskforce on NCDs and Economics,Antonio Trujillo,Johns Hopkins University,Johns Hopkins Bloomberg School of Public Health,Academic,USA,North America
2018,142,Journal series,Lancet Taskforce on NCDs and Economics,Jahangir Khan,Liverpool School of Tropical Medicine,Department of International Public Health and Clinical Sciences,Academic,UK,Europe
2018,142,Journal series,Lancet Taskforce on NCDs and Economics,Jahangir Khan,Karolinska Institutet,Health Economics and Policy Research Group,Academic,Sweden,Europe
2018,142,Journal series,Lancet Taskforce on NCDs and Economics,David H Peters,Johns Hopkins University,Johns Hopkins Bloomberg School of Public Health,Academic,USA,North America
2018,142,Journal series,Lancet Taskforce on NCDs and Economics,Stephen Jan,University of New South Wales,George Institute for Global Health ,Academic,Australia ,Oceania 
2018,142,Journal series,Lancet Taskforce on NCDs and Economics,Stephen Jan,University of Sydney,School of Public Health,Academic,Australia ,Oceania 
2018,142,Journal series,Lancet Taskforce on NCDs and Economics,Tracey-Lea Laba,University of New South Wales,George Institute for Global Health,Academic,Australia ,Oceania 
2018,142,Journal series,Lancet Taskforce on NCDs and Economics,Tracey-Lea Laba,University of Sydney,School of Public Health ,Academic,Australia ,Oceania 
2018,142,Journal series,Lancet Taskforce on NCDs and Economics,Beverley M Essue,University of New South Wales ,George Institute for Global Health ,Academic,Australia ,Oceania 
2018,142,Journal series,Lancet Taskforce on NCDs and Economics,Beverley M Essue,University of Sydney,School of Public Health ,Academic,Australia ,Oceania 
2018,142,Journal series,Lancet Taskforce on NCDs and Economics,Adrian Gheorghe,London School of Hygiene & Tropical Medicine,Department of Global Health and Development ,Academic,UK,Europe
2018,142,Journal series,Lancet Taskforce on NCDs and Economics,Janani Muhunthan,University of New South Wales ,George Institute for Global Health ,Academic,Australia ,Oceania 
2018,142,Journal series,Lancet Taskforce on NCDs and Economics,Janani Muhunthan,University of Sydney,School of Public Health ,Academic,Australia ,Oceania 
2018,142,Journal series,Lancet Taskforce on NCDs and Economics,Michael Engelgau,National Institutes of Health,National Heart Lung and Blood Institute,Governmental Organisation,USA,North America
2018,142,Journal series,Lancet Taskforce on NCDs and Economics,Ajay Mahal,University of Melbourne,Nossal Institute for Global Health ,Academic,Australia ,Oceania 
2018,142,Journal series,Lancet Taskforce on NCDs and Economics,Ulla Griffiths,London School of Hygiene & Tropical Medicine,Department of Global Health and Development ,Academic,UK,Europe
2018,142,Journal series,Lancet Taskforce on NCDs and Economics,Diane McIntyre,University of Cape Town,Health Economics Unit ,Academic,South Africa,Africa
2018,142,Journal series,Lancet Taskforce on NCDs and Economics,Qingyue Meng,Peking University,China Center for Health Development Studies,Academic,China,Asia
2018,142,Journal series,Lancet Taskforce on NCDs and Economics,Rachel Nugent,Research Triangle Institute International,,Research Institute,USA,North America
2018,142,Journal series,Lancet Taskforce on NCDs and Economics,Rifat Atun,Harvard University,Harvard School of Public Health,Academic,USA,North America
2018,142,Journal series,Lancet Taskforce on NCDs and Economics,Franco Sassi,Imperial College London,Imperial College Business School,Academic,UK,Europe
2018,142,Journal series,Lancet Taskforce on NCDs and Economics,Annalisa Belloni,Public Health England,,Governmental Organisation,UK,Europe
2018,142,Journal series,Lancet Taskforce on NCDs and Economics,Andrew J Mirelman,University of York,Centre of Health Economics,Academic,UK,Europe
2018,142,Journal series,Lancet Taskforce on NCDs and Economics,Marc Suhrcke,University of York ,,Academic,UK,Europe
2018,142,Journal series,Lancet Taskforce on NCDs and Economics,Marc Suhrcke,Luxembourg Institute of Socio-Economic Research,,Research Institute,Luxembourg,Europe
2018,142,Journal series,Lancet Taskforce on NCDs and Economics,Alastair Thomas,Organisation for Economic Co-operation and Development,,International Organisation,France,Europe
2018,142,Journal series,Lancet Taskforce on NCDs and Economics,Nisreen Salti,American University of Beirut,,Academic,Lebanon,Asia
2018,142,Journal series,Lancet Taskforce on NCDs and Economics,Sukumar Vellakkal,Birla Institute of Technology and Science,,Academic,India,Asia
2018,142,Journal series,Lancet Taskforce on NCDs and Economics,Chonlathan Visaruthvong,Ministry of Finance of Thailand,,National Government,Thailand,Asia
2018,142,Journal series,Lancet Taskforce on NCDs and Economics,Barry M Popkin,University of North Carolina at Chapel Hill,,Academic,USA,North America
2018,142,Journal series,Lancet Taskforce on NCDs and Economics,Rachel Nugent,Research Triangle Institute International,,Research Institute,USA,North America
2018,142,Journal series,Lancet Taskforce on NCDs and Economics,Melanie Y Bertram,World Health Organisation,WHO Depatment of Health Systems Governance and Financing ,International Organisation,Switzerland,Europe
2018,142,Journal series,Lancet Taskforce on NCDs and Economics,Kim Sweeny,Victoria University,Victoria Institute of Strategic Economic Studies ,Academic,Australia ,Oceania 
2018,142,Journal series,Lancet Taskforce on NCDs and Economics,Jeremy A Lauer,World Health Organisation,WHO Department of Health Systems Governance and Financing ,International Organisation,Switzerland,Europe
2018,142,Journal series,Lancet Taskforce on NCDs and Economics,Daniel Chisholm,World Health Organisation,WHO Regional Office for Europe,International Organisation,Denmark,Europe
2018,142,Journal series,Lancet Taskforce on NCDs and Economics,Peter Sheehan,Victoria University,Victoria Institute of Strategic Economic Studies ,Academic,Australia ,Oceania 
2018,142,Journal series,Lancet Taskforce on NCDs and Economics,Bruce Rasmussen,Victoria University,Victoria Institute of Strategic Economic Studies ,Academic,Australia ,Oceania 
2018,142,Journal series,Lancet Taskforce on NCDs and Economics,Senendra Raj Upreti,Ministry of Health of Nepal,,National Government,Nepal,Asia
2018,142,Journal series,Lancet Taskforce on NCDs and Economics,Lonim Prasai Dixit,World Health Organisation,WHO Nepal Country Office,International Organisation,Nepal,Asia
2018,142,Journal series,Lancet Taskforce on NCDs and Economics,Kenneth George,Ministry of Health of Barbados,,National Government,Barbados,North America
2018,142,Journal series,Lancet Taskforce on NCDs and Economics,Samuel Deane,Ministry of Health of Barbados,,National Government,Barbados,North America
2018,142,Journal series,Lancet Taskforce on NCDs and Economics,Richard horton,The Lancet,,Medical Journal,UK,Europe
2018,142,Journal series,Lancet Taskforce on NCDs and Economics,Jennifer Sargent,The Lancet,,Medical Journal,UK,Europe
2018,142,Journal series,Lancet Taskforce on NCDs and Economics,Tedros Adhanom Ghebreyesus,World Health Organisation,,International Organisation,Switzerland,Europe
2018,142,Journal series,Lancet Taskforce on NCDs and Economics,Lawrence H Summers, Harvard University,Harvard Kennedy School,Academic,USA,North America
2019,143,Report ,It's time to walk the talk: WHO Independent high-level commission on noncommunicable diseases summary,Sauli Niinistö,President of Finland,,National Government,Finland,Europe
2019,143,Report ,It's time to walk the talk: WHO Independent high-level commission on noncommunicable diseases summary,Maithripala Sirisena,President of Sri Lanka,,National Government,Sri Lanka,Asia
2019,143,Report ,It's time to walk the talk: WHO Independent high-level commission on noncommunicable diseases summary,Tabaré Vázquez ,President of Uraguay,,National Government,Uraguay,South America
2019,143,Report ,It's time to walk the talk: WHO Independent high-level commission on noncommunicable diseases summary,Veronika Skvortsova,Ministry of Health of Russia,,National Government,Russia,Europe
2019,143,Report ,It's time to walk the talk: WHO Independent high-level commission on noncommunicable diseases summary,Sania Nishtar,Heartfile,,NGO,Pakistan,Asia
2020,144,Report ,Noncommunicable Diseases Progress Monitor 2020. ,Leanne Riley,World Health Organisation,"WHO Surveillance, Monitoring and Reporting Unit, Department of Noncommunicable Diseases",International Organisation,Switzerland,Europe
2020,144,Report ,Noncommunicable Diseases Progress Monitor 2020. ,Melanie Cowan , World Health Organisation,"WHO Surveillance, Monitoring and Reporting Unit, Department of Noncommunicable Diseases",International Organisation,Switzerland,Europe
